accident_year,chainladder_ultimate_loss,chainladder_ibnr
1981,18834.0,0.0
1982,16857.95391705069,153.9539170506905
1983,24083.37092381492,617.3709238149204
1984,28703.1421634209,1636.1421634209
1985,28926.736343422213,2746.7363434222134
1986,19501.103183996383,3649.1031839963834
1987,17749.30259029518,5435.302590295181
1988,24019.192509507353,10907.192509507353
1989,16044.98410070215,10649.98410070215
1990,18402.44252900036,16339.44252900036
